{
    "format_version": "1.18.20",
    "minecraft:entity": {
      "description": {
        "identifier": "minecraft:skeleton",
        "is_spawnable": true,
        "is_summonable": true,
        "is_experimental": false
      },
      "component_groups": {
        "in_powder_snow": {
          "minecraft:is_shaking": {},
          "minecraft:timer": {
            "looping": false,
            "time": 20,
            "time_down_event": {
              "event": "become_stray_event"
            }
          },
          "minecraft:environment_sensor": {
            "triggers": [
              {
                "filters": {
                  "test": "in_block",
                  "subject": "self",
                  "operator": "!=",
                  "value": "minecraft:powder_snow"
                },
                "event": "got_out_of_powder_snow"
              }
            ]
          }
        },
        "got_out_of_powder_snow_environment_sensor": {
          "minecraft:environment_sensor": {
            "triggers": [
              {
                "filters": {
                  "test": "is_underwater",
                  "subject": "self",
                  "operator": "==",
                  "value": true
                },
                "event": "minecraft:melee_mode"
              },
              {
                "filters": {
                  "test": "has_ranged_weapon",
                  "subject": "self",
                  "operator": "==",
                  "value": false
                },
                "event": "minecraft:melee_mode"
              },
              {
                "filters": {
                  "all_of": [
                    {
                      "test": "in_water",
                      "subject": "self",
                      "operator": "==",
                      "value": false
                    },
                    {
                      "test": "has_ranged_weapon",
                      "subject": "self",
                      "operator": "==",
                      "value": true
                    }
                  ]
                },
                "event": "minecraft:ranged_mode"
              }
            ]
          }
        },
        "minecraft:lightning_immune": {
          "minecraft:damage_sensor": {
            "triggers": {
              "on_damage": { "filters": { "other_with_families": "lightning" } },
              "deals_damage": false
            }
          }
        },
        "become_stray": {
          "minecraft:transformation": {
            "into": "minecraft:stray",
            "transformation_sound" : "convert_to_stray",
            "keep_level": true,
            "drop_inventory": true,
            "preserve_equipment": true
          }
        },
        "minecraft:ranged_attack": {
            "minecraft:behavior.ranged_attack": {
              "priority": 0,
              "attack_interval_min": 1.0,
              "attack_interval_max": 3.0,
              "attack_radius": 15.0
            },
            "minecraft:shooter": {
              "def": "minecraft:arrow"
            },
            "minecraft:environment_sensor": {
              "triggers": [
                {
                  "filters": {
                    "test": "is_underwater",
                    "subject": "self",
                    "operator": "==",
                    "value": true
                  },
                  "event": "minecraft:melee_mode"
                },
                {
                  "filters": {
                    "test": "has_ranged_weapon",
                    "subject": "self",
                    "operator": "==",
                    "value": false
                  },
                  "event": "minecraft:melee_mode"
                },
                {
                  "filters": {
                    "test": "in_block",
                    "subject": "self",
                    "operator": "==",
                    "value": "minecraft:powder_snow"
                  },
                  "event": "got_in_powder_snow"
                }
              ]
            }
        },
        "minecraft:melee_attack": {
            "minecraft:behavior.melee_attack": {
              "priority": 4,
              "track_target": true,
              "speed_multiplier": 1.25
            },
            "minecraft:attack": {
              "damage": 2
            },
            "minecraft:environment_sensor": {
              "triggers": [
                {
                  "filters": {
                    "all_of": [
                      {
                        "test": "in_water",
                        "subject": "self",
                        "operator": "==",
                        "value": false
                      },
                      {
                        "test": "has_ranged_weapon",
                        "subject": "self",
                        "operator": "==",
                        "value": true
                      }
                    ]
                  },
                  "event": "minecraft:ranged_mode"
                },
                {
                  "filters": {
                    "test": "in_block",
                    "subject": "self",
                    "operator": "==",
                    "value": "minecraft:powder_snow"
                  },
                  "event": "got_in_powder_snow"
                }
              ]
            }
        }
      },
  
      "components": {
        "minecraft:is_hidden_when_invisible": {
        },
        "minecraft:experience_reward": {
          "on_death": "query.last_hit_by_player ? 5 + (query.equipment_count * Math.Random(1,3)) : 0"
        },
        "minecraft:equip_item": {
        },
        "minecraft:collision_box": {
          "width": 0.6,
          "height": 1.9
        },
        "minecraft:type_family": {
          "family": [ "skeleton", "undead", "monster", "mob" ]
        },
        "minecraft:breathable": {
          "total_supply": 15,
          "suffocate_time": 0,
          "breathes_water": true
        },
  
        "minecraft:burns_in_daylight": {
        },
  
        "minecraft:health": {
          "value": 20,
          "max": 20
        },
        "minecraft:hurt_on_condition": {
          "damage_conditions": [
            {
              "filters": { "test": "in_lava", "subject": "self", "operator": "==", "value": true },
              "cause": "lava",
              "damage_per_tick": 4
            }
          ]
        },
        "minecraft:loot": {
          "table": "loot_tables/entities/skeleton.json"
        },
        "minecraft:movement": {
          "value": 0.25
        },
        "minecraft:navigation.walk": {
          "is_amphibious": true,
          "avoid_sun": true,
          "avoid_water": true
        },
        "minecraft:movement.basic": {
        },
        "minecraft:jump.static": {
        },
        "minecraft:can_climb": {
        },
        "minecraft:nameable": {
        },
        "minecraft:equipment": {
          "table": "loot_tables/entities/skeleton_gear.json"
        },
        "minecraft:shooter": {
          "def": "minecraft:arrow"
        },
        "minecraft:environment_sensor": {
          "triggers": [
            {
              "filters": {
                "test": "is_underwater",
                "subject": "self",
                "operator": "==",
                "value": true
              },
              "event": "minecraft:melee_mode"
            },
            {
              "filters": {
                "test": "has_ranged_weapon",
                "subject": "self",
                "operator": "==",
                "value": false
              },
              "event": "minecraft:melee_mode"
            },
            {
              "filters": {
                "test": "in_block",
                "subject": "self",
                "operator": "==",
                "value": "minecraft:powder_snow"
              },
              "event": "got_in_powder_snow"
            }
          ]
        },
        "minecraft:despawn": {
          "despawn_from_distance": {}
        },
        "minecraft:shareables": {
          "items": [
            {
              "item": "minecraft:netherite_sword",
              "want_amount": 1,
              "surplus_amount": 1,
              "priority": 0
            },
            {
              "item": "minecraft:diamond_sword",
              "want_amount": 1,
              "surplus_amount": 1,
              "priority": 1
            },
            {
              "item": "minecraft:iron_sword",
              "want_amount": 1,
              "surplus_amount": 1,
              "priority": 2
            },
            {
              "item": "minecraft:stone_sword",
              "want_amount": 1,
              "surplus_amount": 1,
              "priority": 3
            },
            {
              "item": "minecraft:golden_sword",
              "want_amount": 1,
              "surplus_amount": 1,
              "priority": 4
            },
            {
              "item": "minecraft:wooden_sword",
              "want_amount": 1,
              "surplus_amount": 1,
              "priority": 5
            },
            {
              "item": "minecraft:bow",
              "want_amount": 1,
              "surplus_amount": 1,
              "priority": 6
            },
            {
              "item": "minecraft:netherite_helmet",
              "want_amount": 1,
              "surplus_amount": 1,
              "priority": 0
            },
            {
              "item": "minecraft:diamond_helmet",
              "want_amount": 1,
              "surplus_amount": 1,
              "priority": 1
            },
            {
              "item": "minecraft:iron_helmet",
              "want_amount": 1,
              "surplus_amount": 1,
              "priority": 2
            },
            {
              "item": "minecraft:chainmail_helmet",
              "want_amount": 1,
              "surplus_amount": 1,
              "priority": 3
            },
            {
              "item": "minecraft:golden_helmet",
              "want_amount": 1,
              "surplus_amount": 1,
              "priority": 4
            },
            {
              "item": "minecraft:leather_helmet",
              "want_amount": 1,
              "surplus_amount": 1,
              "priority": 5
            },
            {
              "item": "minecraft:turtle_helmet",
              "want_amount": 1,
              "surplus_amount": 1,
              "priority": 6
            },
            {
              "item": "minecraft:skull:0",
              "want_amount": 1,
              "surplus_amount": 1,
              "priority": 7
            },
            {
              "item": "minecraft:skull:1",
              "want_amount": 1,
              "surplus_amount": 1,
              "priority": 7
            },
            {
              "item": "minecraft:carved_pumpkin",
              "want_amount": 1,
              "surplus_amount": 1,
              "priority": 7
            },
            {
              "item": "minecraft:netherite_chestplate",
              "want_amount": 1,
              "surplus_amount": 1,
              "priority": 0
            },
            {
              "item": "minecraft:diamond_chestplate",
              "want_amount": 1,
              "surplus_amount": 1,
              "priority": 1
            },
            {
              "item": "minecraft:iron_chestplate",
              "want_amount": 1,
              "surplus_amount": 1,
              "priority": 2
            },
            {
              "item": "minecraft:chainmail_chestplate",
              "want_amount": 1,
              "surplus_amount": 1,
              "priority": 3
            },
            {
              "item": "minecraft:golden_chestplate",
              "want_amount": 1,
              "surplus_amount": 1,
              "priority": 4
            },
            {
              "item": "minecraft:leather_chestplate",
              "want_amount": 1,
              "surplus_amount": 1,
              "priority": 5
            },
            {
              "item": "minecraft:netherite_leggings",
              "want_amount": 1,
              "surplus_amount": 1,
              "priority": 0
            },
            {
              "item": "minecraft:diamond_leggings",
              "want_amount": 1,
              "surplus_amount": 1,
              "priority": 1
            },
            {
              "item": "minecraft:iron_leggings",
              "want_amount": 1,
              "surplus_amount": 1,
              "priority": 2
            },
            {
              "item": "minecraft:chainmail_leggings",
              "want_amount": 1,
              "surplus_amount": 1,
              "priority": 3
            },
            {
              "item": "minecraft:golden_leggings",
              "want_amount": 1,
              "surplus_amount": 1,
              "priority": 4
            },
            {
              "item": "minecraft:leather_leggings",
              "want_amount": 1,
              "surplus_amount": 1,
              "priority": 5
            },
            {
              "item": "minecraft:netherite_boots",
              "want_amount": 1,
              "surplus_amount": 1,
              "priority": 0
            },
            {
              "item": "minecraft:diamond_boots",
              "want_amount": 1,
              "surplus_amount": 1,
              "priority": 1
            },
            {
              "item": "minecraft:iron_boots",
              "want_amount": 1,
              "surplus_amount": 1,
              "priority": 2
            },
            {
              "item": "minecraft:chainmail_boots",
              "want_amount": 1,
              "surplus_amount": 1,
              "priority": 3
            },
            {
              "item": "minecraft:golden_boots",
              "want_amount": 1,
              "surplus_amount": 1,
              "priority": 4
            },
            {
              "item": "minecraft:leather_boots",
              "want_amount": 1,
              "surplus_amount": 1,
              "priority": 5
            }
          ]
        },
        "minecraft:behavior.ranged_attack": {
          "priority": 0,
          "attack_interval_min": 1.0,
          "attack_interval_max": 3.0,
          "attack_radius": 15.0
        },
        "minecraft:behavior.hurt_by_target":  {
            "priority": 2,
            "entity_types": {
                "filters": {
                    "all_of": [
                        {"test": "is_family", "subject": "other", "operator": "!=","value": "mob"},
                        {"test": "has_tag", "subject": "other", "operator": "!=","value": "safe"}
                    ]
                }
            }
        },
        "minecraft:behavior.nearest_attackable_target": {
          "priority": 2,
          "must_see": true,
          "reselect_targets": true,
          "entity_types": [
            {
                "filters": {
                    "all_of": [
                        {"test": "is_family", "subject": "other", "operator": "!=","value": "mob"},
                        {"test": "has_tag", "subject": "other", "operator": "!=","value": "safe"}
                    ]
                },
              "max_dist": 16
            },
            {
              "filters": {
                "test": "is_family",
                "subject": "other",
                "value": "irongolem"
              },
              "max_dist": 16
            },
            {
              "filters": {
                "all_of": [
                  {
                    "test": "is_family",
                    "subject": "other",
                    "value": "baby_turtle"
                  },
                  {
                    "test": "in_water",
                    "subject": "other",
                    "operator": "!=",
                    "value": true
                  }
                ]
              },
              "max_dist": 16
            }
          ]
        },
        "minecraft:behavior.flee_sun": {
          "priority": 2,
          "speed_multiplier": 1
        },
        "minecraft:behavior.equip_item": {
          "priority": 3
        },
        "minecraft:behavior.avoid_mob_type": {
          "priority": 4,
          "entity_types": [
            {
              "filters": {
                "test": "is_family",
                "subject": "other",
                "value": "wolf"
              },
              "max_dist": 6,
              "walk_speed_multiplier": 1.2,
              "sprint_speed_multiplier": 1.2
            }
          ]
        },
        "minecraft:behavior.pickup_items": {
          "priority": 5,
          "max_dist": 3,
          "goal_radius": 2,
          "speed_multiplier": 1.0,
          "pickup_based_on_chance": true,
          "can_pickup_any_item": true
        },
        "minecraft:behavior.random_stroll": {
          "priority": 6,
          "speed_multiplier": 1
        },
        "minecraft:behavior.look_at_player": {
          "priority": 7,
          "look_distance": 8
        },
        "minecraft:behavior.random_look_around": {
          "priority": 8
        },
        "minecraft:physics": {
        },
        "minecraft:pushable": {
          "is_pushable": true,
          "is_pushable_by_piston": true
        },
        "minecraft:conditional_bandwidth_optimization": {
        }
      },
  
      "events": {
        "minecraft:entity_spawned": {
          "add": {
            "component_groups": [
              "minecraft:ranged_attack"
            ]
          }
        },
        "become_stray_event": {
          "add": {
            "component_groups": [
              "become_stray"
            ]
          }
        },
        "got_in_powder_snow": {
          "add": {
            "component_groups": [
              "in_powder_snow"
            ]
          }
        },
        "got_out_of_powder_snow": {
          "remove": {
            "component_groups": [
              "in_powder_snow"
            ]
          },
          "add": {
            "component_groups": [
              "got_out_of_powder_snow_environment_sensor"
            ]
          }
        },
        "minecraft:spring_trap": {
          "add": {
            "component_groups": [
              "minecraft:lightning_immune"
            ]
          }
        },
        "minecraft:melee_mode": {
          "remove": {
            "component_groups": [
              "minecraft:ranged_attack",
              "got_out_of_powder_snow_environment_sensor"
            ]
          },
          "add": {
            "component_groups": [
              "minecraft:melee_attack"
            ]
          }
        },
        "minecraft:ranged_mode": {
          "remove": {
            "component_groups": [
              "minecraft:melee_attack",
              "got_out_of_powder_snow_environment_sensor"
            ]
          },
          "add": {
            "component_groups": [
              "minecraft:ranged_attack"
            ]
          }
        }
      }
    }
  }